taxi_id,taxi_id
0.0,22
3.0,13
4.0,18
5.0,7
6.0,29
7.0,25
8.0,18
10.0,13
12.0,46
14.0,29
19.0,13
20.0,31
22.0,62
26.0,9
27.0,25
29.0,27
30.0,47
32.0,16
37.0,31
41.0,46
46.0,28
49.0,6
50.0,33
53.0,46
54.0,44
55.0,30
58.0,27
59.0,24
62.0,10
64.0,17
65.0,19
67.0,1
68.0,27
69.0,20
71.0,18
72.0,16
73.0,32
76.0,17
81.0,17
82.0,24
84.0,31
85.0,26
88.0,45
92.0,23
93.0,11
96.0,42
97.0,36
98.0,46
101.0,19
103.0,25
105.0,13
106.0,6
107.0,34
109.0,4
115.0,11
117.0,14
118.0,18
119.0,16
121.0,10
122.0,15
123.0,7
133.0,11
136.0,10
137.0,45
143.0,2
144.0,1
146.0,48
147.0,12
148.0,44
149.0,29
153.0,22
154.0,40
155.0,18
156.0,30
157.0,7
158.0,29
162.0,4
166.0,20
168.0,28
169.0,27
170.0,25
171.0,27
173.0,4
174.0,37
175.0,11
176.0,32
177.0,40
178.0,31
181.0,13
189.0,19
191.0,6
192.0,23
197.0,12
199.0,35
200.0,43
207.0,20
208.0,15
209.0,34
211.0,19
212.0,24
217.0,19
218.0,30
219.0,8
221.0,45
225.0,14
229.0,41
232.0,25
233.0,24
235.0,27
238.0,30
239.0,16
240.0,3
241.0,15
242.0,8
249.0,23
251.0,54
253.0,18
255.0,27
257.0,33
260.0,12
261.0,29
264.0,28
266.0,29
270.0,26
274.0,23
279.0,55
280.0,39
281.0,27
282.0,22
284.0,25
285.0,17
286.0,7
287.0,16
289.0,10
291.0,29
292.0,31
295.0,25
296.0,2
297.0,53
298.0,9
299.0,38
302.0,39
304.0,24
306.0,19
308.0,24
309.0,14
312.0,22
316.0,12
318.0,13
319.0,21
321.0,25
323.0,34
329.0,21
330.0,15
331.0,6
336.0,54
338.0,6
340.0,41
341.0,37
342.0,21
344.0,14
345.0,5
349.0,15
351.0,27
354.0,10
357.0,36
360.0,21
362.0,21
365.0,35
366.0,37
368.0,33
370.0,27
371.0,15
373.0,18
376.0,58
377.0,11
379.0,19
380.0,17
382.0,27
383.0,43
386.0,29
387.0,7
390.0,5
392.0,2
393.0,29
400.0,35
401.0,34
402.0,36
403.0,19
406.0,38
407.0,29
409.0,31
412.0,9
413.0,19
414.0,10
415.0,16
416.0,15
417.0,34
419.0,7
421.0,21
422.0,18
423.0,14
424.0,15
425.0,20
426.0,24
428.0,27
431.0,19
432.0,55
433.0,4
434.0,25
436.0,16
441.0,13
444.0,3
449.0,20
450.0,3
451.0,31
452.0,19
453.0,33
454.0,18
456.0,11
460.0,19
463.0,14
464.0,15
465.0,24
469.0,18
473.0,17
475.0,27
478.0,33
483.0,46
485.0,51
491.0,26
492.0,25
494.0,25
496.0,33
505.0,31
506.0,11
508.0,14
509.0,7
513.0,10
516.0,10
517.0,14
520.0,22
521.0,23
523.0,17
524.0,19
526.0,29
527.0,23
531.0,37
532.0,15
537.0,18
539.0,20
541.0,10
542.0,30
544.0,10
546.0,20
548.0,25
549.0,38
551.0,8
554.0,32
557.0,12
558.0,8
561.0,32
563.0,19
564.0,22
565.0,23
566.0,11
567.0,24
568.0,3
570.0,29
576.0,25
577.0,17
579.0,11
587.0,14
593.0,18
594.0,26
595.0,14
596.0,12
602.0,3
605.0,40
608.0,8
611.0,12
616.0,15
617.0,7
619.0,32
620.0,8
621.0,37
623.0,11
624.0,13
625.0,23
626.0,14
627.0,13
629.0,9
631.0,11
634.0,6
635.0,20
637.0,25
638.0,6
642.0,11
645.0,3
651.0,8
653.0,12
654.0,25
662.0,19
665.0,1
666.0,6
668.0,3
672.0,22
682.0,8
684.0,24
685.0,19
686.0,44
687.0,17
688.0,28
690.0,16
691.0,2
692.0,3
698.0,29
700.0,46
703.0,12
706.0,9
709.0,17
710.0,40
712.0,7
713.0,8
714.0,25
715.0,32
716.0,24
717.0,6
719.0,47
723.0,25
726.0,22
727.0,38
728.0,25
731.0,30
733.0,49
734.0,25
735.0,17
737.0,22
738.0,28
739.0,36
740.0,17
742.0,4
743.0,10
744.0,18
746.0,8
747.0,41
751.0,15
752.0,12
758.0,32
759.0,8
760.0,20
761.0,23
762.0,9
765.0,11
766.0,28
767.0,14
768.0,18
769.0,26
770.0,40
772.0,42
774.0,2
775.0,6
778.0,22
785.0,32
786.0,39
787.0,20
788.0,9
790.0,48
792.0,23
795.0,23
797.0,46
801.0,23
803.0,22
804.0,10
805.0,12
809.0,24
812.0,20
813.0,13
814.0,32
817.0,31
819.0,26
824.0,19
826.0,35
827.0,4
830.0,12
832.0,37
833.0,38
835.0,20
836.0,12
839.0,25
840.0,20
841.0,38
843.0,24
844.0,1
845.0,22
846.0,14
847.0,20
849.0,2
851.0,20
853.0,18
858.0,10
862.0,45
863.0,45
865.0,16
866.0,27
867.0,21
868.0,44
869.0,5
873.0,27
874.0,27
876.0,17
881.0,20
883.0,16
887.0,24
890.0,23
892.0,5
893.0,21
894.0,11
895.0,31
896.0,15
900.0,40
901.0,26
904.0,11
905.0,26
907.0,20
910.0,1
914.0,24
915.0,14
916.0,17
917.0,4
918.0,30
919.0,43
920.0,32
922.0,37
923.0,37
927.0,38
928.0,33
930.0,59
938.0,36
939.0,13
943.0,22
944.0,1
945.0,32
950.0,8
952.0,39
956.0,6
957.0,46
962.0,7
965.0,19
968.0,14
972.0,23
973.0,26
974.0,36
978.0,33
981.0,36
986.0,37
987.0,32
992.0,5
994.0,16
1002.0,21
1003.0,13
1005.0,24
1006.0,20
1007.0,11
1010.0,46
1012.0,20
1015.0,13
1017.0,10
1020.0,25
1022.0,1
1025.0,17
1030.0,33
1034.0,24
1036.0,37
1045.0,7
1048.0,33
1049.0,33
1053.0,31
1055.0,26
1056.0,23
1057.0,25
1058.0,27
1061.0,21
1062.0,10
1065.0,6
1067.0,24
1074.0,30
1078.0,25
1079.0,33
1080.0,11
1081.0,11
1082.0,16
1083.0,27
1091.0,38
1092.0,8
1094.0,15
1098.0,46
1099.0,10
1101.0,16
1105.0,35
1106.0,21
1107.0,25
1109.0,25
1112.0,16
1113.0,29
1115.0,20
1117.0,26
1124.0,31
1125.0,17
1129.0,26
1132.0,24
1137.0,49
1138.0,32
1141.0,11
1142.0,12
1145.0,42
1147.0,22
1149.0,41
1150.0,13
1152.0,31
1153.0,32
1155.0,13
1156.0,1
1157.0,16
1159.0,35
1163.0,21
1164.0,31
1167.0,28
1168.0,54
1169.0,22
1174.0,33
1176.0,15
1180.0,25
1182.0,23
1183.0,17
1190.0,24
1193.0,37
1202.0,27
1205.0,8
1208.0,24
1210.0,20
1213.0,37
1215.0,25
1216.0,4
1218.0,12
1219.0,4
1221.0,7
1222.0,20
1223.0,32
1229.0,27
1231.0,40
1232.0,20
1234.0,6
1237.0,10
1238.0,25
1240.0,20
1243.0,11
1244.0,24
1245.0,35
1249.0,20
1250.0,10
1251.0,21
1261.0,25
1262.0,41
1263.0,21
1265.0,51
1270.0,23
1271.0,21
1274.0,7
1276.0,15
1277.0,17
1278.0,22
1279.0,22
1282.0,34
1283.0,34
1284.0,28
1285.0,21
1296.0,22
1301.0,8
1302.0,15
1303.0,25
1305.0,23
1306.0,11
1307.0,21
1309.0,17
1311.0,16
1312.0,7
1314.0,14
1317.0,33
1321.0,15
1322.0,30
1323.0,16
1324.0,35
1325.0,24
1328.0,18
1334.0,28
1336.0,10
1338.0,23
1339.0,26
1341.0,30
1344.0,22
1347.0,8
1349.0,8
1353.0,8
1354.0,17
1361.0,22
1362.0,15
1369.0,21
1373.0,18
1375.0,7
1377.0,22
1379.0,12
1380.0,25
1381.0,21
1382.0,24
1383.0,19
1385.0,35
1386.0,19
1389.0,24
1390.0,8
1397.0,19
1399.0,13
1400.0,14
1401.0,23
1402.0,6
1403.0,17
1404.0,26
1405.0,24
1409.0,12
1413.0,15
1414.0,10
1415.0,30
1419.0,46
1420.0,22
1426.0,29
1427.0,16
1429.0,8
1430.0,33
1431.0,9
1432.0,31
1436.0,18
1438.0,54
1440.0,15
1443.0,26
1444.0,3
1445.0,19
1446.0,7
1447.0,23
1452.0,8
1455.0,19
1460.0,27
1462.0,42
1463.0,22
1467.0,1
1470.0,31
1471.0,46
1472.0,18
1473.0,16
1474.0,51
1475.0,23
1483.0,34
1484.0,9
1485.0,17
1486.0,16
1488.0,30
1489.0,3
1490.0,14
1491.0,18
1492.0,1
1495.0,19
1497.0,17
1499.0,37
1502.0,15
1503.0,41
1505.0,2
1506.0,17
1508.0,5
1509.0,1
1511.0,5
1513.0,23
1514.0,55
1519.0,28
1521.0,41
1522.0,45
1523.0,33
1525.0,23
1526.0,43
1529.0,9
1530.0,46
1534.0,25
1535.0,32
1538.0,31
1539.0,39
1544.0,41
1545.0,29
1546.0,32
1553.0,12
1554.0,12
1555.0,28
1556.0,27
1559.0,35
1561.0,24
1563.0,29
1567.0,28
1568.0,3
1569.0,4
1570.0,36
1574.0,44
1576.0,13
1579.0,11
1580.0,16
1581.0,13
1582.0,11
1583.0,15
1584.0,1
1585.0,19
1586.0,39
1588.0,25
1589.0,15
1592.0,57
1594.0,14
1596.0,33
1597.0,10
1599.0,12
1600.0,5
1603.0,18
1605.0,22
1609.0,30
1611.0,6
1615.0,47
1617.0,11
1618.0,38
1619.0,37
1620.0,49
1621.0,21
1627.0,30
1628.0,28
1629.0,14
1630.0,27
1631.0,46
1632.0,13
1633.0,50
1635.0,6
1637.0,3
1640.0,26
1647.0,15
1648.0,15
1649.0,14
1654.0,22
1656.0,26
1657.0,21
1658.0,43
1660.0,33
1663.0,28
1664.0,41
1665.0,8
1667.0,16
1669.0,32
1671.0,16
1672.0,28
1679.0,21
1681.0,7
1683.0,13
1684.0,29
1685.0,38
1686.0,25
1691.0,29
1693.0,14
1694.0,19
1697.0,25
1701.0,6
1703.0,25
1707.0,7
1710.0,30
1715.0,31
1720.0,32
1726.0,43
1727.0,21
1728.0,17
1729.0,12
1731.0,42
1732.0,28
1733.0,1
1734.0,13
1736.0,33
1742.0,23
1743.0,32
1746.0,13
1747.0,37
1748.0,21
1749.0,27
1750.0,21
1751.0,26
1752.0,17
1754.0,16
1755.0,14
1756.0,13
1757.0,16
1758.0,14
1759.0,16
1760.0,26
1762.0,36
1763.0,39
1764.0,1
1766.0,46
1769.0,64
1775.0,26
1776.0,30
1781.0,1
1782.0,16
1785.0,37
1786.0,23
1790.0,17
1794.0,14
1795.0,9
1800.0,17
1806.0,5
1807.0,13
1811.0,44
1812.0,16
1813.0,19
1814.0,21
1825.0,32
1826.0,25
1827.0,22
1829.0,23
1832.0,34
1836.0,31
1837.0,12
1838.0,24
1841.0,17
1842.0,23
1848.0,8
1850.0,34
1852.0,17
1853.0,22
1854.0,16
1855.0,22
1868.0,1
1869.0,2
1870.0,15
1871.0,35
1874.0,6
1879.0,17
1882.0,21
1883.0,8
1884.0,43
1886.0,32
1889.0,44
1890.0,12
1892.0,14
1894.0,24
1895.0,21
1897.0,17
1898.0,34
1899.0,26
1900.0,28
1901.0,28
1903.0,29
1904.0,12
1905.0,6
1906.0,33
1907.0,40
1911.0,9
1918.0,11
1919.0,22
1924.0,22
1928.0,28
1930.0,34
1933.0,24
1934.0,22
1936.0,5
1938.0,3
1942.0,39
1943.0,11
1946.0,35
1947.0,37
1951.0,28
1952.0,50
1953.0,1
1955.0,32
1959.0,1
1962.0,7
1963.0,37
1964.0,24
1968.0,9
1970.0,27
1971.0,12
1974.0,20
1979.0,30
1981.0,21
1987.0,32
1989.0,11
1990.0,3
1991.0,13
1993.0,10
1994.0,18
1997.0,1
2000.0,37
2001.0,22
2003.0,10
2004.0,38
2005.0,16
2009.0,27
2010.0,3
2014.0,49
2016.0,21
2018.0,31
2019.0,23
2021.0,30
2022.0,37
2025.0,27
2026.0,13
2031.0,21
2035.0,15
2036.0,47
2037.0,22
2041.0,26
2043.0,36
2045.0,11
2047.0,19
2048.0,11
2053.0,24
2057.0,17
2058.0,15
2059.0,34
2061.0,34
2062.0,5
2065.0,21
2066.0,20
2069.0,11
2075.0,35
2078.0,21
2081.0,41
2082.0,30
2083.0,18
2088.0,43
2090.0,24
2094.0,4
2097.0,26
2101.0,14
2102.0,16
2106.0,34
2108.0,23
2110.0,13
2113.0,23
2118.0,21
2121.0,1
2122.0,19
2125.0,24
2126.0,43
2127.0,23
2133.0,23
2136.0,11
2137.0,9
2138.0,23
2140.0,26
2142.0,2
2146.0,13
2147.0,58
2149.0,21
2150.0,30
2152.0,29
2153.0,14
2158.0,12
2163.0,11
2164.0,16
2165.0,12
2166.0,31
2174.0,36
2175.0,33
2176.0,20
2179.0,22
2180.0,21
2181.0,20
2184.0,13
2186.0,10
2187.0,23
2192.0,6
2195.0,1
2197.0,10
2200.0,25
2202.0,15
2204.0,2
2205.0,11
2206.0,35
2208.0,3
2211.0,24
2212.0,9
2213.0,21
2214.0,57
2215.0,20
2218.0,42
2221.0,39
2224.0,16
2225.0,31
2226.0,14
2229.0,34
2230.0,10
2235.0,10
2236.0,31
2237.0,18
2240.0,13
2242.0,19
2251.0,10
2252.0,13
2253.0,17
2255.0,29
2257.0,18
2258.0,15
2259.0,30
2260.0,28
2269.0,11
2271.0,30
2273.0,22
2275.0,27
2276.0,14
2277.0,4
2279.0,31
2282.0,20
2283.0,22
2284.0,18
2288.0,16
2292.0,29
2294.0,27
2297.0,26
2301.0,19
2302.0,18
2306.0,17
2307.0,27
2309.0,18
2310.0,12
2311.0,3
2312.0,28
2318.0,9
2320.0,21
2327.0,26
2329.0,33
2330.0,23
2331.0,23
2333.0,9
2336.0,32
2337.0,10
2340.0,37
2341.0,31
2345.0,37
2347.0,23
2351.0,29
2352.0,32
2353.0,2
2355.0,29
2358.0,19
2360.0,28
2361.0,41
2363.0,18
2364.0,17
2366.0,27
2371.0,19
2372.0,21
2373.0,24
2374.0,29
2379.0,18
2380.0,12
2381.0,16
2382.0,22
2389.0,28
2391.0,46
2394.0,9
2398.0,30
2399.0,37
2400.0,20
2403.0,15
2404.0,21
2405.0,32
2409.0,3
2410.0,14
2413.0,11
2418.0,12
2421.0,27
2423.0,24
2427.0,1
2428.0,25
2431.0,10
2433.0,22
2434.0,4
2435.0,21
2436.0,4
2437.0,9
2438.0,11
2442.0,17
2445.0,27
2447.0,16
2448.0,26
2450.0,13
2454.0,32
2455.0,44
2457.0,44
2458.0,9
2461.0,25
2463.0,22
2464.0,33
2467.0,33
2468.0,46
2472.0,14
2473.0,1
2474.0,1
2475.0,23
2478.0,38
2479.0,29
2481.0,40
2483.0,7
2486.0,24
2488.0,7
2491.0,12
2492.0,13
2496.0,22
2499.0,8
2500.0,14
2503.0,4
2505.0,23
2507.0,5
2509.0,34
2510.0,21
2511.0,15
2514.0,43
2516.0,1
2518.0,10
2519.0,18
2521.0,19
2524.0,30
2527.0,20
2528.0,8
2533.0,19
2534.0,20
2535.0,23
2538.0,24
2540.0,12
2545.0,13
2549.0,14
2551.0,2
2552.0,33
2556.0,61
2559.0,30
2560.0,12
2561.0,20
2569.0,12
2570.0,21
2571.0,32
2572.0,23
2575.0,18
2578.0,38
2579.0,12
2580.0,12
2582.0,14
2588.0,17
2589.0,7
2590.0,5
2591.0,26
2593.0,21
2595.0,34
2599.0,18
2600.0,2
2601.0,6
2603.0,4
2605.0,15
2607.0,40
2608.0,24
2609.0,40
2612.0,13
2613.0,18
2615.0,25
2617.0,27
2618.0,43
2620.0,48
2621.0,6
2625.0,25
2626.0,13
2630.0,55
2631.0,15
2633.0,14
2634.0,31
2635.0,20
2636.0,13
2639.0,8
2640.0,25
2642.0,27
2643.0,23
2644.0,2
2645.0,18
2646.0,33
2647.0,13
2649.0,10
2650.0,5
2651.0,12
2653.0,16
2654.0,29
2655.0,60
2659.0,15
2662.0,48
2663.0,14
2665.0,6
2671.0,18
2672.0,20
2673.0,3
2680.0,46
2681.0,6
2682.0,30
2683.0,22
2685.0,10
2687.0,3
2691.0,22
2693.0,30
2695.0,20
2697.0,7
2699.0,18
2700.0,35
2702.0,27
2703.0,23
2704.0,19
2707.0,42
2708.0,43
2716.0,25
2717.0,11
2718.0,15
2724.0,14
2725.0,65
2728.0,15
2729.0,3
2730.0,10
2732.0,23
2733.0,12
2736.0,18
2737.0,5
2738.0,18
2742.0,29
2743.0,17
2744.0,7
2745.0,35
2747.0,10
2749.0,18
2750.0,14
2751.0,24
2753.0,11
2754.0,26
2759.0,2
2766.0,34
2767.0,4
2768.0,38
2769.0,18
2770.0,7
2771.0,27
2773.0,10
2774.0,47
2776.0,16
2778.0,14
2780.0,31
2782.0,48
2785.0,41
2786.0,34
2787.0,6
2789.0,40
2794.0,11
2795.0,34
2796.0,30
2801.0,41
2802.0,25
2803.0,15
2805.0,29
2808.0,5
2809.0,34
2810.0,6
2812.0,42
2816.0,58
2819.0,39
2821.0,19
2826.0,1
2828.0,31
2833.0,32
2835.0,22
2840.0,22
2841.0,32
2843.0,14
2844.0,18
2845.0,21
2847.0,38
2849.0,17
2852.0,26
2853.0,1
2854.0,18
2855.0,19
2856.0,24
2861.0,1
2862.0,47
2863.0,37
2865.0,24
2868.0,16
2869.0,24
2870.0,80
2871.0,18
2872.0,34
2876.0,6
2877.0,47
2878.0,16
2879.0,19
2880.0,13
2881.0,20
2884.0,30
2886.0,20
2887.0,15
2888.0,6
2890.0,28
2892.0,29
2893.0,52
2897.0,38
2899.0,38
2901.0,46
2902.0,8
2903.0,26
2904.0,30
2905.0,26
2907.0,33
2909.0,6
2912.0,15
2913.0,44
2914.0,61
2916.0,33
2918.0,52
2919.0,23
2924.0,40
2925.0,67
2926.0,16
2927.0,28
2929.0,22
2932.0,30
2936.0,18
2939.0,33
2940.0,21
2941.0,19
2943.0,15
2944.0,24
2945.0,19
2946.0,43
2952.0,38
2953.0,48
2959.0,13
2960.0,20
2961.0,14
2962.0,22
2966.0,13
2967.0,12
2969.0,8
2971.0,20
2973.0,9
2975.0,16
2978.0,35
2979.0,20
2980.0,33
2986.0,20
2987.0,45
2990.0,8
2992.0,27
2993.0,14
2994.0,27
2998.0,41
3004.0,38
3008.0,23
3012.0,12
3013.0,29
3014.0,8
3015.0,45
3016.0,23
3017.0,19
3018.0,11
3019.0,19
3022.0,1
3023.0,14
3024.0,28
3025.0,30
3027.0,10
3033.0,43
3034.0,1
3037.0,15
3040.0,13
3041.0,19
3043.0,19
3045.0,31
3046.0,18
3051.0,7
3053.0,1
3054.0,37
3055.0,19
3058.0,13
3060.0,27
3061.0,2
3062.0,46
3065.0,20
3068.0,20
3069.0,52
3075.0,34
3076.0,5
3077.0,6
3079.0,26
3082.0,34
3083.0,21
3084.0,11
3086.0,6
3089.0,42
3090.0,32
3092.0,16
3094.0,12
3097.0,10
3098.0,7
3099.0,24
3102.0,1
3106.0,30
3110.0,7
3112.0,19
3114.0,24
3116.0,20
3117.0,21
3119.0,26
3121.0,58
3123.0,17
3124.0,1
3125.0,12
3127.0,20
3129.0,17
3132.0,46
3133.0,23
3143.0,45
3147.0,18
3148.0,14
3163.0,25
3165.0,32
3169.0,15
3170.0,13
3171.0,8
3173.0,33
3175.0,6
3176.0,1
3177.0,10
3179.0,7
3181.0,30
3184.0,26
3185.0,26
3186.0,17
3187.0,42
3192.0,1
3197.0,26
3204.0,10
3206.0,11
3207.0,11
3208.0,24
3209.0,35
3210.0,34
3214.0,15
3216.0,24
3217.0,20
3218.0,8
3221.0,47
3222.0,18
3226.0,12
3232.0,19
3233.0,27
3234.0,10
3235.0,11
3237.0,26
3238.0,22
3239.0,24
3243.0,29
3244.0,9
3247.0,29
3249.0,17
3250.0,3
3253.0,80
3254.0,38
3257.0,27
3258.0,30
3259.0,18
3265.0,23
3267.0,26
3268.0,62
3276.0,22
3277.0,17
3278.0,27
3280.0,7
3281.0,38
3286.0,27
3287.0,1
3291.0,11
3292.0,22
3294.0,12
3295.0,11
3296.0,24
3302.0,5
3303.0,24
3304.0,1
3307.0,12
3312.0,31
3313.0,52
3316.0,24
3317.0,20
3321.0,12
3323.0,35
3326.0,31
3329.0,25
3330.0,27
3332.0,47
3338.0,30
3340.0,6
3341.0,12
3342.0,1
3345.0,20
3350.0,36
3351.0,33
3352.0,28
3353.0,19
3354.0,20
3355.0,24
3356.0,27
3357.0,6
3360.0,34
3363.0,13
3364.0,34
3366.0,14
3371.0,35
3372.0,16
3373.0,32
3382.0,1
3384.0,16
3385.0,48
3387.0,20
3390.0,20
3396.0,24
3397.0,8
3398.0,7
3400.0,30
3403.0,23
3404.0,22
3406.0,18
3407.0,37
3414.0,17
3420.0,25
3423.0,15
3424.0,11
3425.0,41
3426.0,2
3428.0,44
3430.0,3
3433.0,21
3436.0,18
3437.0,8
3438.0,21
3440.0,42
3441.0,22
3442.0,30
3443.0,10
3445.0,20
3446.0,38
3449.0,10
3452.0,10
3453.0,7
3454.0,49
3455.0,20
3458.0,22
3459.0,6
3461.0,26
3462.0,17
3463.0,18
3464.0,14
3465.0,16
3467.0,37
3468.0,12
3469.0,22
3472.0,19
3473.0,54
3474.0,20
3475.0,36
3476.0,15
3478.0,24
3479.0,10
3480.0,43
3481.0,1
3482.0,20
3484.0,23
3488.0,26
3492.0,28
3495.0,16
3496.0,10
3497.0,1
3498.0,1
3499.0,23
3504.0,19
3505.0,10
3506.0,55
3509.0,9
3511.0,29
3512.0,6
3513.0,11
3514.0,17
3515.0,11
3518.0,18
3519.0,25
3520.0,23
3523.0,28
3524.0,40
3525.0,6
3526.0,1
3534.0,1
3535.0,6
3536.0,26
3541.0,14
3542.0,52
3544.0,15
3546.0,14
3547.0,38
3548.0,6
3549.0,10
3553.0,21
3555.0,10
3557.0,8
3558.0,28
3559.0,23
3560.0,24
3562.0,24
3565.0,2
3567.0,48
3568.0,1
3573.0,21
3575.0,3
3576.0,31
3577.0,68
3581.0,40
3582.0,21
3586.0,28
3587.0,23
3588.0,1
3590.0,28
3591.0,13
3594.0,44
3595.0,20
3597.0,15
3598.0,24
3600.0,37
3601.0,20
3603.0,38
3605.0,7
3607.0,37
3609.0,9
3611.0,23
3612.0,32
3613.0,8
3614.0,27
3617.0,10
3620.0,12
3621.0,10
3622.0,32
3623.0,48
3624.0,19
3629.0,9
3635.0,17
3637.0,18
3640.0,23
3642.0,42
3645.0,41
3646.0,22
3649.0,26
3653.0,4
3654.0,17
3657.0,20
3658.0,21
3662.0,29
3663.0,5
3668.0,23
3670.0,19
3671.0,33
3673.0,40
3675.0,41
3677.0,12
3681.0,25
3684.0,41
3685.0,42
3686.0,39
3689.0,6
3691.0,35
3692.0,7
3694.0,1
3696.0,2
3700.0,17
3701.0,3
3706.0,26
3710.0,31
3713.0,43
3716.0,7
3717.0,38
3719.0,23
3720.0,12
3721.0,24
3722.0,12
3724.0,26
3727.0,31
3732.0,1
3736.0,57
3741.0,36
3742.0,54
3747.0,18
3748.0,23
3750.0,15
3753.0,2
3754.0,18
3759.0,14
3760.0,39
3761.0,15
3762.0,11
3763.0,10
3766.0,20
3773.0,27
3775.0,28
3776.0,25
3782.0,30
3783.0,50
3786.0,43
3787.0,29
3788.0,21
3792.0,21
3793.0,29
3794.0,30
3795.0,29
3796.0,25
3799.0,13
3802.0,40
3803.0,53
3808.0,34
3810.0,2
3816.0,10
3820.0,6
3824.0,21
3826.0,24
3827.0,1
3829.0,42
3831.0,10
3833.0,12
3834.0,23
3835.0,23
3837.0,16
3839.0,1
3841.0,19
3846.0,37
3847.0,57
3850.0,13
3852.0,29
3853.0,30
3860.0,1
3862.0,26
3863.0,24
3865.0,14
3867.0,23
3869.0,57
3870.0,15
3873.0,30
3874.0,29
3876.0,33
3877.0,20
3878.0,9
3882.0,34
3883.0,27
3885.0,41
3886.0,44
3888.0,32
3891.0,40
3893.0,9
3895.0,19
3896.0,37
3899.0,17
3901.0,9
3904.0,23
3905.0,29
3908.0,3
3909.0,8
3911.0,23
3912.0,18
3914.0,17
3915.0,18
3916.0,28
3919.0,41
3920.0,23
3923.0,35
3924.0,38
3931.0,20
3932.0,29
3937.0,1
3945.0,10
3946.0,22
3947.0,12
3948.0,44
3949.0,9
3951.0,18
3952.0,17
3954.0,49
3955.0,8
3956.0,11
3959.0,21
3960.0,24
3962.0,20
3963.0,21
3964.0,47
3965.0,22
3968.0,18
3977.0,27
3984.0,12
3985.0,22
3986.0,41
3987.0,17
3988.0,15
3989.0,29
3991.0,41
3992.0,12
3993.0,34
3994.0,22
3998.0,33
4000.0,30
4005.0,13
4007.0,8
4009.0,22
4010.0,29
4015.0,21
4016.0,24
4018.0,13
4021.0,5
4024.0,11
4025.0,9
4026.0,27
4027.0,36
4029.0,13
4030.0,13
4031.0,10
4032.0,13
4034.0,22
4036.0,25
4041.0,22
4043.0,38
4044.0,38
4045.0,13
4046.0,4
4047.0,44
4048.0,11
4049.0,28
4050.0,7
4051.0,8
4054.0,6
4060.0,27
4062.0,8
4063.0,16
4066.0,37
4069.0,15
4076.0,17
4080.0,1
4082.0,23
4085.0,39
4087.0,22
4088.0,17
4089.0,46
4094.0,8
4095.0,5
4096.0,28
4097.0,31
4098.0,21
4099.0,55
4100.0,24
4105.0,22
4106.0,23
4107.0,17
4108.0,24
4109.0,40
4110.0,37
4111.0,16
4115.0,6
4116.0,27
4117.0,9
4120.0,11
4121.0,35
4122.0,5
4123.0,19
4124.0,25
4126.0,44
4128.0,36
4130.0,20
4131.0,17
4132.0,5
4137.0,14
4138.0,32
4142.0,21
4146.0,11
4148.0,35
4152.0,35
4154.0,42
4157.0,34
4158.0,25
4161.0,37
4163.0,17
4166.0,26
4167.0,39
4168.0,16
4170.0,41
4172.0,21
4174.0,18
4181.0,40
4182.0,13
4183.0,20
4187.0,10
4188.0,16
4189.0,26
4192.0,11
4194.0,21
4195.0,14
4196.0,1
4198.0,20
4200.0,16
4202.0,22
4203.0,11
4205.0,26
4206.0,27
4208.0,21
4209.0,14
4210.0,13
4213.0,25
4214.0,16
4215.0,9
4216.0,6
4219.0,24
4221.0,1
4222.0,20
4223.0,7
4224.0,18
4225.0,12
4228.0,4
4229.0,28
4231.0,1
4233.0,22
4237.0,24
4240.0,21
4246.0,20
4247.0,34
4248.0,53
4249.0,8
4251.0,45
4252.0,18
4253.0,31
4254.0,21
4256.0,17
4259.0,12
4261.0,36
4262.0,15
4264.0,22
4265.0,24
4269.0,25
4271.0,22
4276.0,39
4277.0,17
4283.0,16
4284.0,29
4285.0,30
4286.0,20
4287.0,16
4288.0,14
4289.0,16
4290.0,29
4292.0,43
4296.0,23
4297.0,31
4298.0,16
4301.0,12
4303.0,2
4304.0,34
4306.0,16
4309.0,25
4316.0,25
4318.0,13
4320.0,44
4325.0,43
4326.0,32
4327.0,12
4330.0,15
4331.0,21
4332.0,19
4336.0,15
4338.0,23
4341.0,32
4342.0,48
4344.0,6
4346.0,16
4348.0,30
4351.0,18
4352.0,35
4353.0,23
4355.0,19
4356.0,12
4359.0,47
4360.0,47
4366.0,2
4367.0,22
4372.0,10
4373.0,27
4374.0,17
4377.0,18
4378.0,22
4380.0,9
4381.0,21
4386.0,24
4387.0,23
4388.0,25
4393.0,24
4394.0,13
4398.0,31
4401.0,12
4402.0,19
4403.0,29
4408.0,21
4409.0,18
4410.0,17
4411.0,7
4415.0,19
4419.0,20
4422.0,19
4425.0,22
4426.0,3
4427.0,29
4432.0,14
4433.0,19
4434.0,5
4436.0,32
4440.0,29
4443.0,33
4444.0,45
4445.0,14
4446.0,11
4456.0,40
4458.0,38
4460.0,30
4463.0,8
4467.0,26
4470.0,11
4471.0,6
4472.0,23
4473.0,20
4481.0,8
4482.0,28
4483.0,13
4484.0,29
4486.0,10
4488.0,20
4490.0,12
4492.0,35
4493.0,31
4494.0,24
4495.0,7
4496.0,8
4497.0,1
4501.0,13
4510.0,8
4511.0,26
4513.0,2
4522.0,18
4523.0,7
4525.0,25
4527.0,30
4529.0,23
4530.0,15
4531.0,1
4532.0,30
4534.0,21
4536.0,7
4539.0,32
4540.0,20
4541.0,30
4548.0,48
4549.0,36
4554.0,5
4558.0,25
4559.0,8
4560.0,36
4564.0,12
4566.0,32
4570.0,45
4572.0,14
4573.0,14
4574.0,28
4576.0,28
4579.0,22
4584.0,28
4586.0,37
4587.0,9
4588.0,18
4590.0,11
4591.0,32
4592.0,13
4593.0,29
4598.0,23
4600.0,21
4601.0,47
4603.0,25
4605.0,60
4606.0,19
4610.0,16
4612.0,24
4613.0,17
4617.0,17
4618.0,26
4620.0,27
4621.0,1
4625.0,21
4627.0,17
4629.0,6
4636.0,15
4638.0,21
4640.0,39
4643.0,39
4644.0,20
4648.0,31
4650.0,24
4653.0,25
4655.0,7
4659.0,29
4661.0,18
4664.0,23
4666.0,10
4669.0,10
4672.0,5
4673.0,28
4675.0,50
4677.0,29
4678.0,34
4679.0,12
4680.0,22
4684.0,15
4685.0,2
4687.0,16
4690.0,13
4692.0,24
4694.0,24
4696.0,26
4698.0,19
4700.0,37
4702.0,24
4705.0,22
4708.0,24
4710.0,54
4711.0,8
4713.0,37
4714.0,22
4715.0,27
4719.0,37
4723.0,35
4725.0,15
4726.0,32
4727.0,7
4728.0,37
4730.0,29
4733.0,10
4734.0,13
4735.0,23
4737.0,1
4741.0,13
4746.0,1
4748.0,7
4749.0,24
4751.0,15
4752.0,16
4753.0,15
4757.0,14
4758.0,25
4761.0,44
4762.0,23
4763.0,46
4767.0,8
4769.0,20
4770.0,27
4771.0,1
4774.0,11
4775.0,14
4777.0,11
4779.0,12
4781.0,6
4782.0,24
4784.0,15
4785.0,15
4787.0,46
4788.0,18
4790.0,26
4795.0,10
4799.0,42
4800.0,12
4802.0,14
4807.0,24
4808.0,6
4809.0,12
4810.0,10
4811.0,6
4813.0,12
4814.0,9
4816.0,31
4818.0,22
4819.0,23
4821.0,30
4822.0,26
4825.0,20
4830.0,25
4832.0,31
4833.0,20
4835.0,58
4836.0,27
4838.0,22
4843.0,30
4844.0,17
4846.0,20
4847.0,19
4849.0,17
4851.0,8
4852.0,43
4855.0,25
4857.0,28
4860.0,49
4861.0,26
4862.0,41
4864.0,27
4865.0,23
4869.0,18
4870.0,40
4872.0,31
4874.0,14
4877.0,50
4880.0,21
4881.0,12
4886.0,26
4891.0,40
4894.0,11
4896.0,13
4898.0,13
4899.0,55
4900.0,13
4905.0,28
4907.0,23
4908.0,9
4909.0,23
4912.0,1
4913.0,27
4916.0,39
4918.0,37
4919.0,30
4920.0,11
4923.0,25
4924.0,27
4925.0,11
4926.0,7
4927.0,24
4928.0,30
4931.0,17
4932.0,17
4934.0,32
4938.0,39
4941.0,54
4945.0,39
4946.0,16
4948.0,21
4950.0,26
4951.0,39
4954.0,2
4955.0,15
4958.0,35
4960.0,33
4961.0,13
4964.0,9
4968.0,51
4970.0,15
4974.0,4
4977.0,28
4982.0,15
4984.0,24
4985.0,15
4986.0,28
4989.0,24
4992.0,13
4993.0,22
4994.0,1
4996.0,20
4997.0,9
4999.0,15
5001.0,1
5005.0,11
5006.0,26
5011.0,60
5013.0,7
5014.0,21
5015.0,6
5016.0,1
5018.0,53
5021.0,33
5025.0,33
5026.0,13
5027.0,12
5029.0,16
5030.0,27
5033.0,3
5048.0,26
5049.0,24
5051.0,14
5052.0,33
5053.0,21
5054.0,1
5056.0,11
5057.0,23
5058.0,12
5059.0,9
5060.0,32
5061.0,28
5062.0,35
5063.0,5
5064.0,18
5065.0,17
5066.0,12
5068.0,1
5070.0,31
5071.0,27
5073.0,20
5075.0,18
5076.0,12
5079.0,11
5080.0,18
5081.0,8
5085.0,26
5095.0,2
5096.0,8
5099.0,20
5101.0,1
5104.0,15
5108.0,10
5110.0,28
5111.0,12
5112.0,13
5114.0,25
5117.0,14
5118.0,19
5122.0,27
5124.0,16
5125.0,13
5127.0,8
5128.0,24
5130.0,13
5131.0,17
5132.0,18
5134.0,36
5135.0,21
5138.0,40
5139.0,53
5140.0,16
5143.0,19
5144.0,40
5149.0,53
5150.0,1
5151.0,22
5153.0,31
5154.0,10
5157.0,34
5161.0,15
5162.0,32
5166.0,35
5170.0,4
5171.0,8
5174.0,36
5175.0,21
5178.0,43
5179.0,19
5180.0,25
5182.0,14
5185.0,23
5187.0,25
5189.0,10
5191.0,46
5194.0,33
5196.0,20
5200.0,17
5202.0,8
5209.0,37
5210.0,30
5217.0,7
5220.0,18
5221.0,15
5222.0,14
5224.0,23
5226.0,40
5231.0,8
5232.0,43
5238.0,14
5239.0,26
5240.0,29
5241.0,13
5242.0,16
5243.0,34
5244.0,11
5245.0,18
5246.0,20
5248.0,32
5250.0,18
5251.0,27
5253.0,29
5254.0,40
5256.0,34
5257.0,44
5258.0,24
5259.0,28
5262.0,5
5263.0,25
5268.0,21
5269.0,38
5271.0,38
5272.0,2
5273.0,22
5279.0,16
5280.0,11
5282.0,14
5284.0,32
5285.0,12
5288.0,29
5289.0,30
5292.0,31
5293.0,15
5294.0,22
5296.0,8
5297.0,10
5298.0,5
5301.0,16
5304.0,6
5306.0,36
5308.0,1
5309.0,44
5310.0,10
5313.0,23
5321.0,15
5327.0,21
5329.0,4
5333.0,39
5335.0,7
5336.0,19
5337.0,9
5338.0,22
5342.0,27
5343.0,8
5345.0,41
5346.0,29
5347.0,1
5348.0,20
5349.0,31
5351.0,37
5357.0,46
5359.0,15
5360.0,19
5362.0,14
5363.0,1
5364.0,18
5367.0,22
5368.0,44
5371.0,20
5372.0,21
5373.0,33
5379.0,23
5380.0,3
5381.0,23
5382.0,30
5388.0,17
5389.0,31
5390.0,22
5391.0,12
5394.0,33
5397.0,14
5399.0,8
5400.0,12
5401.0,39
5402.0,30
5404.0,23
5405.0,17
5406.0,36
5408.0,25
5409.0,16
5411.0,18
5412.0,55
5413.0,4
5414.0,37
5416.0,21
5417.0,5
5419.0,17
5421.0,9
5422.0,39
5426.0,23
5428.0,35
5429.0,28
5430.0,36
5431.0,41
5433.0,24
5434.0,9
5435.0,22
5437.0,8
5438.0,14
5439.0,9
5442.0,12
5448.0,28
5451.0,26
5453.0,1
5454.0,41
5460.0,22
5463.0,7
5465.0,8
5468.0,15
5472.0,20
5473.0,7
5475.0,14
5480.0,16
5482.0,21
5483.0,4
5487.0,20
5491.0,19
5495.0,20
5496.0,3
5498.0,16
5501.0,16
5502.0,17
5507.0,30
5509.0,29
5510.0,15
5511.0,10
5516.0,6
5517.0,27
5518.0,21
5520.0,26
5523.0,11
5525.0,9
5528.0,23
5529.0,1
5532.0,6
5533.0,30
5534.0,21
5536.0,13
5538.0,58
5540.0,18
5543.0,9
5545.0,28
5546.0,6
5548.0,27
5553.0,29
5556.0,38
5557.0,13
5558.0,24
5560.0,1
5561.0,14
5562.0,18
5564.0,30
5565.0,21
5566.0,18
5568.0,12
5569.0,7
5573.0,24
5577.0,49
5578.0,13
5579.0,25
5580.0,29
5581.0,47
5584.0,11
5587.0,24
5590.0,12
5591.0,22
5592.0,15
5597.0,1
5600.0,13
5601.0,19
5602.0,15
5604.0,15
5605.0,6
5607.0,15
5609.0,48
5611.0,6
5614.0,17
5616.0,21
5619.0,19
5623.0,11
5625.0,8
5628.0,20
5629.0,43
5630.0,37
5636.0,11
5637.0,26
5638.0,7
5639.0,17
5640.0,48
5641.0,31
5643.0,12
5647.0,28
5653.0,54
5656.0,36
5657.0,21
5659.0,17
5660.0,27
5663.0,2
5664.0,30
5665.0,46
5668.0,21
5672.0,29
5675.0,1
5676.0,21
5677.0,22
5679.0,34
5680.0,2
5685.0,41
5691.0,11
5692.0,29
5693.0,1
5696.0,27
5697.0,26
5698.0,34
5699.0,33
5701.0,24
5702.0,26
5703.0,10
5704.0,25
5706.0,11
5710.0,19
5712.0,35
5713.0,36
5715.0,8
5719.0,19
5723.0,30
5724.0,19
5726.0,39
5729.0,12
5730.0,2
5737.0,12
5738.0,14
5739.0,19
5741.0,24
5745.0,43
5752.0,28
5753.0,33
5755.0,34
5756.0,2
5757.0,42
5760.0,15
5766.0,1
5767.0,44
5768.0,12
5769.0,26
5770.0,9
5771.0,27
5775.0,32
5776.0,55
5777.0,6
5779.0,4
5780.0,15
5782.0,47
5784.0,30
5786.0,29
5787.0,33
5792.0,31
5793.0,44
5795.0,14
5796.0,42
5798.0,28
5802.0,23
5803.0,17
5805.0,34
5807.0,51
5810.0,17
5812.0,24
5818.0,5
5819.0,13
5820.0,28
5822.0,47
5824.0,16
5827.0,5
5828.0,22
5829.0,14
5830.0,25
5832.0,9
5839.0,34
5840.0,13
5843.0,28
5846.0,51
5848.0,12
5849.0,11
5854.0,63
5856.0,22
5857.0,35
5862.0,26
5863.0,11
5864.0,40
5866.0,23
5867.0,19
5869.0,33
5872.0,37
5876.0,19
5877.0,23
5880.0,1
5881.0,13
5882.0,2
5884.0,22
5885.0,36
5888.0,23
5891.0,34
5894.0,21
5896.0,27
5900.0,27
5901.0,22
5904.0,29
5907.0,39
5908.0,7
5909.0,16
5910.0,33
5911.0,35
5912.0,21
5914.0,3
5915.0,19
5916.0,21
5919.0,1
5926.0,7
5929.0,2
5930.0,29
5931.0,26
5933.0,10
5935.0,12
5943.0,6
5944.0,32
5948.0,14
5950.0,24
5951.0,25
5954.0,26
5956.0,8
5960.0,42
5965.0,23
5971.0,26
5972.0,20
5973.0,2
5975.0,6
5978.0,2
5979.0,34
5981.0,1
5983.0,37
5984.0,19
5986.0,14
5990.0,22
5991.0,40
5993.0,39
5994.0,1
5995.0,44
5997.0,29
5998.0,23
5999.0,25
6002.0,32
6003.0,17
6004.0,9
6007.0,24
6008.0,14
6009.0,33
6013.0,22
6014.0,15
6015.0,1
6016.0,20
6019.0,20
6020.0,21
6022.0,8
6023.0,19
6025.0,29
6027.0,6
6028.0,42
6029.0,6
6030.0,27
6031.0,5
6034.0,28
6038.0,16
6040.0,3
6042.0,33
6043.0,30
6044.0,34
6045.0,13
6046.0,10
6047.0,16
6052.0,3
6054.0,32
6058.0,34
6059.0,16
6060.0,33
6061.0,33
6062.0,24
6064.0,20
6065.0,9
6069.0,23
6073.0,17
6074.0,49
6075.0,41
6076.0,23
6077.0,1
6078.0,15
6081.0,14
6083.0,21
6086.0,8
6088.0,19
6089.0,30
6094.0,2
6095.0,14
6096.0,27
6099.0,1
6100.0,5
6101.0,24
6102.0,12
6104.0,10
6108.0,29
6111.0,6
6113.0,45
6114.0,24
6115.0,14
6120.0,11
6122.0,38
6126.0,4
6127.0,28
6129.0,14
6130.0,15
6131.0,19
6132.0,16
6134.0,30
6138.0,26
6139.0,31
6140.0,1
6143.0,28
6144.0,15
6145.0,4
6146.0,14
6151.0,10
6153.0,57
6154.0,9
6158.0,26
6159.0,11
6165.0,40
6166.0,11
6170.0,20
6171.0,16
6172.0,6
6175.0,20
6177.0,2
6180.0,15
6183.0,27
6185.0,32
6186.0,39
6193.0,1
6194.0,6
6195.0,13
6196.0,19
6197.0,1
6198.0,26
6200.0,37
6202.0,25
6207.0,12
6210.0,12
6211.0,21
6213.0,17
6218.0,16
6219.0,23
6220.0,9
6223.0,13
6230.0,15
6232.0,11
6233.0,25
6234.0,21
6237.0,22
6238.0,26
6239.0,15
6240.0,7
6243.0,20
6244.0,26
6245.0,22
6250.0,25
6252.0,30
6253.0,8
6256.0,18
6257.0,19
6259.0,21
6261.0,20
6266.0,34
6269.0,16
6270.0,35
6273.0,10
6279.0,10
6282.0,28
6285.0,28
6290.0,40
6292.0,29
6293.0,31
6295.0,30
6297.0,27
6298.0,8
6299.0,37
6300.0,28
6301.0,17
6305.0,12
6307.0,13
6308.0,18
6315.0,14
6316.0,31
6317.0,27
6318.0,23
6319.0,44
6322.0,13
6325.0,13
6331.0,22
6332.0,4
6335.0,11
6340.0,7
6343.0,26
6346.0,1
6348.0,19
6352.0,7
6353.0,14
6357.0,42
6358.0,31
6361.0,25
6363.0,14
6365.0,19
6369.0,24
6370.0,21
6371.0,15
6376.0,22
6378.0,25
6381.0,5
6383.0,10
6384.0,22
6385.0,27
6386.0,4
6388.0,1
6389.0,14
6391.0,8
6392.0,45
6393.0,47
6395.0,32
6400.0,49
6401.0,26
6404.0,25
6407.0,20
6408.0,20
6410.0,36
6411.0,35
6414.0,31
6416.0,13
6418.0,20
6419.0,7
6420.0,14
6422.0,2
6423.0,21
6425.0,22
6429.0,13
6433.0,26
6434.0,49
6435.0,13
6436.0,9
6438.0,27
6443.0,29
6445.0,34
6446.0,31
6449.0,15
6450.0,22
6451.0,30
6454.0,39
6457.0,22
6459.0,12
6462.0,15
6465.0,12
6467.0,13
6468.0,46
6472.0,25
6474.0,16
6475.0,5
6478.0,5
6481.0,41
6484.0,47
6485.0,22
6492.0,38
6496.0,36
6498.0,5
6499.0,23
6504.0,30
6505.0,33
6507.0,20
6508.0,20
6509.0,19
6513.0,31
6514.0,24
6517.0,9
6519.0,15
6520.0,36
6523.0,3
6524.0,24
6525.0,32
6526.0,28
6527.0,13
6529.0,1
6532.0,30
6533.0,23
6535.0,41
6536.0,11
6537.0,15
6538.0,8
6542.0,11
6544.0,25
6548.0,16
6549.0,27
6552.0,41
6553.0,11
6554.0,10
6555.0,22
6556.0,17
6559.0,14
6562.0,30
6564.0,16
6565.0,31
6566.0,1
6569.0,18
6570.0,27
6571.0,36
6573.0,15
6575.0,28
6576.0,1
6577.0,34
6580.0,33
6581.0,14
6584.0,11
6585.0,6
6586.0,43
6589.0,28
6591.0,21
6592.0,10
6596.0,19
6597.0,28
6598.0,51
6600.0,23
6601.0,29
6602.0,8
6604.0,43
6609.0,29
6611.0,28
6612.0,35
6614.0,31
6616.0,35
6617.0,9
6618.0,41
6620.0,24
6621.0,13
6625.0,2
6627.0,29
6628.0,13
6631.0,13
6633.0,12
6635.0,27
6636.0,17
6638.0,31
6641.0,21
6644.0,6
6645.0,12
6648.0,1
6650.0,8
6651.0,23
6654.0,31
6657.0,47
6660.0,24
6661.0,24
6662.0,13
6664.0,12
6665.0,11
6666.0,29
6669.0,35
6670.0,5
6673.0,24
6675.0,17
6676.0,37
6678.0,4
6680.0,8
6683.0,25
6685.0,30
6686.0,19
6687.0,21
6688.0,3
6691.0,19
6692.0,12
6693.0,11
6694.0,1
6695.0,39
6696.0,6
6697.0,11
6698.0,27
6699.0,8
6701.0,9
6705.0,1
6706.0,34
6708.0,19
6710.0,42
6711.0,32
6713.0,27
6715.0,24
6716.0,6
6717.0,30
6719.0,8
6723.0,45
6726.0,43
6727.0,7
6728.0,27
6729.0,35
6738.0,24
6740.0,12
6741.0,34
6742.0,15
6743.0,40
6744.0,35
6746.0,10
6747.0,38
6749.0,41
6750.0,20
6753.0,9
6755.0,33
6756.0,11
6759.0,13
6764.0,18
6773.0,12
6775.0,8
6776.0,9
6777.0,26
6779.0,22
6781.0,12
6782.0,33
6783.0,28
6784.0,22
6785.0,17
6786.0,28
6788.0,33
6791.0,33
6792.0,24
6793.0,29
6796.0,15
6801.0,11
6802.0,22
6803.0,8
6806.0,4
6813.0,38
6816.0,18
6817.0,55
6818.0,59
6819.0,15
6820.0,11
6823.0,11
6824.0,26
6825.0,1
6826.0,3
6827.0,17
6830.0,29
6833.0,21
6834.0,24
6835.0,43
6837.0,17
6838.0,25
6839.0,17
6840.0,14
6842.0,17
6844.0,8
6847.0,25
6849.0,28
6850.0,8
6852.0,23
6853.0,33
6854.0,38
6855.0,46
6856.0,9
6858.0,32
6860.0,39
6861.0,19
6863.0,10
6865.0,49
6866.0,41
6867.0,12
6868.0,9
6870.0,23
6871.0,24
6875.0,28
6876.0,39
6877.0,12
6878.0,42
6880.0,19
6889.0,23
6894.0,29
6897.0,21
6898.0,39
6901.0,27
6902.0,20
6907.0,13
6908.0,37
6910.0,11
6912.0,6
6913.0,18
6914.0,14
6915.0,16
6916.0,14
6919.0,54
6920.0,8
6921.0,42
6922.0,52
6923.0,3
6924.0,18
6932.0,35
6935.0,15
6939.0,14
6940.0,39
6941.0,2
6942.0,24
6943.0,22
6944.0,7
6945.0,54
6947.0,19
6949.0,21
6950.0,1
6954.0,22
6956.0,24
6959.0,10
6961.0,22
6964.0,7
6965.0,28
6966.0,36
6967.0,33
6968.0,12
6969.0,14
6970.0,39
6973.0,45
6974.0,21
6976.0,22
6977.0,1
6978.0,40
6979.0,21
6980.0,32
6984.0,1
6985.0,30
6989.0,60
6991.0,19
6992.0,25
6993.0,8
6997.0,14
7000.0,8
7002.0,25
7003.0,46
7004.0,10
7005.0,23
7006.0,20
7007.0,15
7008.0,21
7011.0,30
7012.0,43
7013.0,18
7014.0,32
7016.0,9
7018.0,17
7022.0,15
7028.0,23
7029.0,8
7030.0,31
7033.0,18
7039.0,15
7040.0,22
7042.0,40
7044.0,11
7046.0,10
7047.0,18
7049.0,23
7053.0,3
7054.0,15
7056.0,3
7057.0,16
7058.0,11
7061.0,13
7062.0,24
7063.0,8
7065.0,24
7066.0,19
7067.0,4
7068.0,19
7071.0,28
7072.0,21
7078.0,26
7079.0,5
7080.0,6
7081.0,26
7082.0,35
7084.0,6
7086.0,26
7090.0,27
7092.0,13
7095.0,7
7097.0,26
7099.0,25
7100.0,14
7102.0,16
7104.0,13
7106.0,51
7107.0,23
7109.0,12
7111.0,28
7112.0,4
7113.0,2
7115.0,27
7118.0,31
7119.0,24
7120.0,1
7122.0,37
7123.0,8
7124.0,28
7126.0,16
7131.0,29
7132.0,20
7133.0,27
7134.0,22
7135.0,40
7137.0,21
7139.0,17
7140.0,12
7143.0,20
7144.0,13
7145.0,37
7146.0,21
7147.0,1
7148.0,17
7150.0,30
7153.0,28
7154.0,26
7155.0,16
7156.0,28
7157.0,13
7158.0,18
7160.0,13
7163.0,2
7167.0,8
7168.0,21
7169.0,10
7171.0,29
7172.0,1
7173.0,25
7177.0,40
7178.0,19
7179.0,31
7180.0,11
7183.0,5
7187.0,46
7191.0,21
7192.0,26
7193.0,2
7195.0,6
7198.0,3
7203.0,42
7205.0,13
7206.0,21
7210.0,61
7211.0,9
7212.0,19
7213.0,35
7215.0,35
7216.0,1
7220.0,37
7222.0,3
7223.0,28
7225.0,25
7227.0,35
7230.0,30
7232.0,14
7233.0,26
7237.0,16
7238.0,47
7239.0,25
7243.0,22
7247.0,23
7253.0,4
7254.0,5
7255.0,5
7256.0,27
7257.0,14
7258.0,17
7259.0,35
7261.0,19
7263.0,15
7264.0,16
7265.0,17
7267.0,15
7271.0,41
7273.0,3
7275.0,41
7276.0,41
7278.0,20
7280.0,27
7281.0,10
7283.0,28
7284.0,14
7287.0,8
7288.0,27
7289.0,17
7292.0,3
7296.0,42
7299.0,33
7301.0,38
7303.0,10
7304.0,30
7307.0,25
7310.0,34
7315.0,20
7323.0,20
7324.0,33
7330.0,19
7333.0,15
7337.0,19
7340.0,26
7342.0,23
7343.0,24
7345.0,6
7350.0,19
7352.0,23
7354.0,16
7355.0,53
7356.0,29
7357.0,17
7362.0,40
7365.0,7
7367.0,25
7368.0,22
7369.0,32
7370.0,28
7371.0,19
7373.0,47
7375.0,8
7376.0,24
7378.0,40
7379.0,30
7382.0,28
7384.0,36
7387.0,1
7389.0,4
7391.0,22
7392.0,16
7393.0,2
7396.0,11
7402.0,21
7405.0,36
7406.0,30
7407.0,28
7408.0,18
7415.0,21
7418.0,30
7422.0,20
7424.0,17
7425.0,29
7427.0,26
7432.0,18
7433.0,29
7436.0,47
7438.0,26
7441.0,7
7442.0,25
7446.0,14
7449.0,20
7451.0,10
7455.0,30
7456.0,25
7457.0,28
7458.0,7
7459.0,35
7461.0,12
7467.0,25
7468.0,15
7471.0,53
7473.0,42
7474.0,34
7475.0,8
7477.0,6
7478.0,23
7482.0,17
7483.0,21
7486.0,12
7489.0,19
7491.0,14
7492.0,4
7498.0,16
7500.0,14
7503.0,24
7504.0,43
7506.0,28
7508.0,36
7509.0,24
7511.0,13
7513.0,14
7514.0,6
7515.0,19
7523.0,29
7527.0,1
7528.0,12
7529.0,52
7530.0,2
7531.0,29
7533.0,1
7536.0,27
7538.0,22
7539.0,24
7540.0,8
7541.0,20
7545.0,18
7547.0,12
7548.0,19
7553.0,7
7554.0,1
7555.0,28
7557.0,43
7560.0,37
7564.0,5
7565.0,16
7566.0,24
7570.0,16
7572.0,12
7573.0,5
7574.0,25
7577.0,17
7578.0,29
7579.0,15
7580.0,7
7581.0,21
7583.0,1
7585.0,33
7587.0,7
7588.0,17
7589.0,33
7590.0,14
7591.0,26
7594.0,10
7595.0,13
7596.0,19
7598.0,47
7602.0,23
7603.0,16
7606.0,8
7609.0,3
7610.0,24
7611.0,11
7612.0,22
7614.0,10
7622.0,26
7624.0,9
7625.0,67
7626.0,10
7627.0,34
7629.0,24
7630.0,11
7632.0,9
7635.0,1
7637.0,9
7638.0,36
7641.0,19
7642.0,9
7643.0,13
7644.0,12
7645.0,15
7648.0,15
7651.0,26
7652.0,3
7653.0,23
7657.0,32
7660.0,24
7661.0,22
7662.0,44
7665.0,21
7667.0,28
7669.0,8
7670.0,43
7672.0,48
7673.0,1
7674.0,16
7676.0,19
7678.0,2
7679.0,18
7681.0,20
7683.0,2
7684.0,49
7689.0,18
7690.0,18
7692.0,6
7695.0,31
7700.0,33
7701.0,15
7704.0,25
7705.0,42
7708.0,26
7710.0,24
7712.0,28
7713.0,13
7716.0,47
7717.0,58
7722.0,3
7723.0,34
7724.0,32
7725.0,41
7727.0,7
7729.0,14
7737.0,3
7739.0,41
7741.0,7
7744.0,8
7745.0,19
7746.0,22
7747.0,3
7751.0,28
7755.0,10
7756.0,2
7758.0,13
7760.0,14
7764.0,19
7766.0,13
7767.0,31
7769.0,47
7770.0,18
7771.0,51
7773.0,15
7774.0,7
7775.0,10
7776.0,12
7777.0,13
7782.0,12
7783.0,6
7785.0,24
7787.0,7
7788.0,1
7789.0,20
7791.0,38
7798.0,15
7801.0,14
7802.0,15
7806.0,44
7807.0,25
7809.0,30
7810.0,33
7813.0,27
7816.0,40
7819.0,23
7821.0,15
7826.0,34
7830.0,13
7833.0,18
7837.0,16
7840.0,12
7844.0,35
7845.0,13
7847.0,21
7848.0,16
7851.0,25
7854.0,4
7859.0,1
7860.0,39
7861.0,4
7862.0,15
7863.0,20
7865.0,32
7866.0,16
7868.0,1
7869.0,50
7872.0,17
7874.0,10
7875.0,2
7878.0,15
7882.0,21
7883.0,21
7885.0,14
7888.0,9
7891.0,29
7895.0,40
7899.0,31
7900.0,22
7901.0,13
7902.0,23
7903.0,18
7909.0,18
7911.0,21
7912.0,34
7913.0,13
7917.0,9
7919.0,12
7923.0,30
7924.0,7
7925.0,12
7926.0,21
7927.0,27
7929.0,37
7933.0,25
7937.0,23
7939.0,27
7947.0,10
7953.0,27
7957.0,48
7961.0,16
7968.0,33
7969.0,34
7971.0,41
7976.0,25
7977.0,12
7983.0,11
7984.0,26
7985.0,13
7986.0,14
7988.0,6
7991.0,24
7992.0,24
7993.0,18
7997.0,26
7999.0,17
8000.0,19
8002.0,18
8010.0,21
8011.0,7
8013.0,24
8014.0,22
8016.0,28
8018.0,12
8020.0,16
8022.0,30
8027.0,34
8028.0,22
8030.0,31
8031.0,21
8034.0,16
8035.0,48
8036.0,13
8037.0,37
8038.0,13
8040.0,23
8041.0,11
8044.0,19
8048.0,30
8049.0,3
8053.0,7
8054.0,27
8059.0,26
8061.0,23
8062.0,22
8063.0,19
8064.0,33
8065.0,29
8067.0,7
8069.0,14
8081.0,52
8084.0,16
8087.0,29
8088.0,13
8089.0,10
8094.0,20
8096.0,8
8097.0,25
8098.0,35
8102.0,25
8108.0,28
8110.0,39
8116.0,24
8117.0,26
8120.0,37
8122.0,1
8126.0,17
8129.0,19
8136.0,20
8138.0,20
8141.0,24
8142.0,19
8143.0,11
8144.0,25
8147.0,29
8149.0,30
8150.0,36
8154.0,16
8155.0,1
8158.0,8
8159.0,24
8162.0,15
8163.0,27
8164.0,69
8166.0,24
8169.0,27
8170.0,26
8171.0,31
8173.0,35
8175.0,4
8177.0,22
8180.0,22
8182.0,40
8185.0,21
8187.0,38
8188.0,36
8190.0,41
8191.0,32
8192.0,26
8193.0,40
8199.0,31
8200.0,29
8201.0,13
8202.0,33
8203.0,35
8204.0,25
8205.0,48
8206.0,33
8208.0,21
8209.0,30
8210.0,38
8212.0,22
8214.0,5
8215.0,22
8227.0,11
8228.0,9
8230.0,20
8232.0,21
8233.0,4
8237.0,37
8241.0,18
8243.0,10
8244.0,12
8246.0,19
8247.0,28
8249.0,34
8250.0,1
8253.0,1
8255.0,18
8256.0,22
8258.0,37
8262.0,20
8263.0,16
8264.0,47
8265.0,17
8266.0,15
8267.0,21
8271.0,42
8273.0,35
8274.0,36
8279.0,21
8280.0,10
8285.0,23
8286.0,3
8287.0,30
8289.0,35
8290.0,48
8293.0,5
8294.0,47
8298.0,43
8301.0,44
8302.0,36
8307.0,18
8308.0,6
8309.0,8
8311.0,31
8312.0,39
8314.0,31
8315.0,30
8316.0,19
8318.0,3
8326.0,15
8327.0,13
8328.0,34
8330.0,24
8331.0,14
8332.0,18
8336.0,40
8344.0,28
8348.0,11
8349.0,14
8353.0,26
8357.0,13
8361.0,29
8366.0,37
8368.0,26
8371.0,21
8378.0,32
8384.0,28
8387.0,15
8392.0,27
8394.0,36
8395.0,8
8396.0,33
8397.0,3
8398.0,11
8400.0,20
8406.0,7
8407.0,36
8409.0,14
8412.0,11
8414.0,32
8420.0,1
8422.0,51
8425.0,12
8426.0,3
8427.0,10
8432.0,21
8434.0,5
8436.0,38
8437.0,18
8443.0,33
8445.0,33
8446.0,45
8451.0,29
8452.0,38
8455.0,22
8457.0,20
8460.0,37
8462.0,9
8470.0,44
8474.0,8
8475.0,24
8476.0,29
8479.0,4
8481.0,25
8482.0,33
8483.0,18
8490.0,44
8491.0,7
8496.0,40
8497.0,17
8499.0,8
8505.0,30
8506.0,35
8508.0,31
8509.0,32
8510.0,15
8513.0,27
8518.0,11
8519.0,15
8521.0,49
8522.0,21
8526.0,35
8530.0,6
8534.0,27
8535.0,16
8536.0,32
8540.0,46
8541.0,33
8542.0,19
8546.0,8
8548.0,21
8550.0,15
8551.0,5
8553.0,14
8554.0,30
8555.0,27
8560.0,4
8561.0,35
8562.0,11
8563.0,27
8564.0,16
8565.0,20
8566.0,24
8567.0,18
8568.0,10
8569.0,18
8572.0,24
8573.0,5
8575.0,1
8578.0,29
8581.0,19
8583.0,18
8586.0,32
8587.0,21
8588.0,7
8589.0,49
8591.0,21
8596.0,33
8599.0,61
8601.0,18
8607.0,14
8609.0,11
8610.0,23
8612.0,43
8613.0,37
8615.0,4
8618.0,39
8626.0,23
8627.0,27
8629.0,23
8630.0,35
8632.0,20
8634.0,6
8640.0,17
8641.0,24
8642.0,21
8644.0,19
8645.0,13
8646.0,25
8648.0,35
8649.0,22
8656.0,19
8657.0,18
8658.0,15
8661.0,11
8665.0,11
8669.0,31
8670.0,1
8671.0,8
8672.0,23
8675.0,25
8677.0,11
8679.0,4
8681.0,27
8682.0,12
8685.0,22
8687.0,48
8688.0,31
8689.0,19
8691.0,9
8692.0,28
8694.0,1
8696.0,38
8701.0,33
8704.0,15
8706.0,18
8707.0,4
8708.0,53
8709.0,32
8710.0,18
8712.0,28
8716.0,42
8717.0,3
8718.0,23
8719.0,30
8724.0,32
8725.0,32
8726.0,3
8728.0,25
8731.0,37
8733.0,35
8734.0,26
8735.0,5
8736.0,32
8739.0,38
8740.0,19
8742.0,13
8747.0,38
8749.0,19
8750.0,18
8751.0,64
8753.0,21
8758.0,39
8760.0,8
